-- phpMyAdmin SQL Dump
-- version 4.5.1
-- http://www.phpmyadmin.net
--
-- Host: 127.0.0.1
-- Generation Time: 2018-01-17 10:00:51
-- 服务器版本： 10.1.19-MariaDB
-- PHP Version: 5.6.28

SET SQL_MODE = "NO_AUTO_VALUE_ON_ZERO";
SET time_zone = "+00:00";


/*!40101 SET @OLD_CHARACTER_SET_CLIENT=@@CHARACTER_SET_CLIENT */;
/*!40101 SET @OLD_CHARACTER_SET_RESULTS=@@CHARACTER_SET_RESULTS */;
/*!40101 SET @OLD_COLLATION_CONNECTION=@@COLLATION_CONNECTION */;
/*!40101 SET NAMES utf8mb4 */;

--
-- Database: `kaoqing`
--

-- --------------------------------------------------------

--
-- 表的结构 `admin`
--

CREATE TABLE `admin` (
  `id` int(11) NOT NULL,
  `account` varchar(255) DEFAULT NULL,
  `password` varchar(255) DEFAULT NULL,
  `name` varchar(255) DEFAULT NULL,
  `sex` varchar(255) DEFAULT NULL,
  `quanxian` varchar(255) DEFAULT NULL
) ENGINE=InnoDB DEFAULT CHARSET=utf8;

--
-- 转存表中的数据 `admin`
--

INSERT INTO `admin` (`id`, `account`, `password`, `name`, `sex`, `quanxian`) VALUES
(1, 'admin', '202cb962ac59075b964b07152d234b70', 'admin', '男', '1'),
(2, 'admin1', '202cb962ac59075b964b07152d234b70', '普通管理员1', '女', '0'),
(3, 'admin2', '202cb962ac59075b964b07152d234b70', '普通管理员2', '女', '0'),
(4, 'admin3', '202cb962ac59075b964b07152d234b70', 'ccc', '女', '0');

-- --------------------------------------------------------

--
-- 表的结构 `bumen`
--

CREATE TABLE `bumen` (
  `id` int(11) NOT NULL,
  `name` varchar(255) DEFAULT NULL
) ENGINE=InnoDB DEFAULT CHARSET=utf8;

--
-- 转存表中的数据 `bumen`
--

INSERT INTO `bumen` (`id`, `name`) VALUES
(1, '技术部'),
(2, '人事部'),
(3, '服务部'),
(4, '销售部'),
(5, 'aaa');

-- --------------------------------------------------------

--
-- 表的结构 `daiban`
--

CREATE TABLE `daiban` (
  `id` int(11) NOT NULL,
  `user_id` int(11) DEFAULT NULL,
  `shixiang` varchar(255) DEFAULT NULL,
  `endtime` int(100) DEFAULT NULL
) ENGINE=InnoDB DEFAULT CHARSET=utf8;

--
-- 转存表中的数据 `daiban`
--

INSERT INTO `daiban` (`id`, `user_id`, `shixiang`, `endtime`) VALUES
(1, 2, '测试事项1', 1516254900),
(2, 2, '测试事项2', 1516426620),
(3, 2, '测试事项3', 1518241140),
(4, 2, '测试事项4', 1517290860),
(5, 2, '测试事项5', 1516426920),
(6, 21, 'aaaaa', 1516281360);

-- --------------------------------------------------------

--
-- 表的结构 `qiandao`
--

CREATE TABLE `qiandao` (
  `id` int(11) NOT NULL,
  `user_id` int(100) DEFAULT NULL,
  `qiandaotime` datetime DEFAULT NULL,
  `shenhe` int(11) DEFAULT NULL,
  `qiandaodidian` varchar(255) DEFAULT NULL,
  `chidao` int(10) NOT NULL,
  `qiantuitime` datetime DEFAULT NULL,
  `qiantuididian` varchar(255) DEFAULT NULL,
  `zaotui` varchar(10) DEFAULT NULL
) ENGINE=InnoDB DEFAULT CHARSET=utf8;

--
-- 转存表中的数据 `qiandao`
--

INSERT INTO `qiandao` (`id`, `user_id`, `qiandaotime`, `shenhe`, `qiandaodidian`, `chidao`, `qiantuitime`, `qiantuididian`, `zaotui`) VALUES
(1, 2, '2018-01-15 10:36:11', 1, '浙江省, 宁波市, 江东区, 曙光北路, 120号', 0, NULL, NULL, NULL),
(4, 4, '2018-01-15 12:07:58', 1, '浙江省, 宁波市, 江东区, 曙光北路, 120号', 0, NULL, NULL, NULL),
(5, 3, '2018-01-15 12:09:56', 1, '浙江省, 宁波市, 江东区, 曙光北路, 120号', 0, NULL, NULL, NULL),
(6, 5, '2018-01-15 12:35:42', 1, '浙江省, 宁波市, 江东区, 曙光北路, 120号', 0, NULL, NULL, NULL),
(7, 6, '2018-01-15 12:36:36', 1, '浙江省, 宁波市, 江东区, 曙光北路, 120号', 0, NULL, NULL, NULL),
(8, 2, '2018-01-16 08:40:40', 1, '浙江省, 宁波市, 江东区, 曙光北路, 120号', 1, NULL, NULL, NULL),
(9, 3, '2018-01-16 14:30:13', 1, '浙江省, 宁波市, 江东区, 曙光北路, 120号', 0, NULL, NULL, NULL),
(10, 4, '2018-01-16 07:30:27', 1, '浙江省, 宁波市, 江东区, 曙光北路, 120号', 1, NULL, NULL, NULL),
(11, 5, '2018-01-16 14:30:27', 1, '浙江省, 宁波市, 江东区, 曙光北路, 120号', 0, NULL, NULL, NULL),
(12, 6, '2018-01-16 14:30:27', 1, '浙江省, 宁波市, 江东区, 曙光北路, 120号', 0, NULL, NULL, NULL),
(13, 7, '2018-01-16 14:30:27', 1, '浙江省, 宁波市, 江东区, 曙光北路, 120号', 0, NULL, NULL, NULL),
(15, 9, '2018-01-16 08:30:27', 1, '浙江省, 宁波市, 江东区, 曙光北路, 120号', 1, NULL, NULL, NULL),
(16, 10, '2018-01-16 14:30:27', 1, '浙江省, 宁波市, 江东区, 曙光北路, 120号', 0, NULL, NULL, NULL),
(17, 11, '2018-01-16 14:30:27', 1, '浙江省, 宁波市, 江东区, 曙光北路, 120号', 0, NULL, NULL, NULL),
(18, 12, '2018-01-16 14:30:27', 1, '浙江省, 宁波市, 江东区, 曙光北路, 120号', 0, NULL, NULL, NULL),
(19, 13, '2018-01-16 14:30:27', 1, '浙江省, 宁波市, 江东区, 曙光北路, 120号', 0, NULL, NULL, NULL),
(20, 20, '2018-01-16 20:42:57', 0, '浙江省, 宁波市, 江东区, 曙光北路, 120号', 0, NULL, NULL, NULL),
(21, 21, '2018-01-16 21:16:04', 1, '浙江省, 宁波市, 江东区, 曙光北路, 120号', 0, NULL, NULL, NULL),
(22, 2, '2018-01-17 08:46:25', 0, '浙江省, 宁波市, 江东区, 曙光北路, 120号', 1, '2018-01-17 16:59:26', '浙江省, 宁波市, 江东区, 曙光北路, 120号', '早退'),
(23, 4, '2018-01-17 08:48:11', 1, '浙江省, 宁波市, 江东区, 曙光北路, 120号', 1, NULL, NULL, NULL),
(24, 5, '2018-01-17 09:37:20', 1, '浙江省, 宁波市, 江东区, 曙光北路, 120号', 0, NULL, NULL, NULL),
(25, 3, '2018-01-17 09:38:04', 1, '浙江省, 宁波市, 江东区, 曙光北路, 120号', 0, NULL, NULL, NULL),
(26, 6, '2018-01-17 09:39:47', 1, '浙江省, 宁波市, 江东区, 曙光北路, 120号', 0, NULL, NULL, NULL),
(27, 7, '2018-01-17 09:40:20', 1, '浙江省, 宁波市, 江东区, 曙光北路, 120号', 0, NULL, NULL, NULL),
(28, 9, '2018-01-17 11:06:35', 1, '浙江省, 宁波市, 江东区, 曙光北路, 120号', 0, NULL, NULL, NULL),
(29, 21, '2018-01-17 11:22:39', 1, '浙江省, 宁波市, 江东区, 曙光北路, 120号', 0, NULL, NULL, NULL),
(30, 10, '2018-01-17 14:08:35', 0, '浙江省, 宁波市, 江东区, 曙光北路, 120号', 0, NULL, NULL, NULL),
(31, 13, '2018-01-17 14:12:13', 0, '浙江省, 宁波市, 江东区, 曙光北路, 120号', 0, NULL, NULL, NULL),
(32, 22, '2018-01-17 15:37:15', 0, '浙江省, 宁波市, 江东区, 曙光北路, 120号', 0, '2018-01-17 16:46:49', '浙江省, 宁波市, 江东区, 曙光北路, 120号', '早退'),
(33, 23, '2018-01-17 16:30:55', 1, '浙江省, 宁波市, 江东区, 曙光北路, 120号', 0, '2018-01-17 16:35:40', '浙江省, 宁波市, 江东区, 曙光北路, 120号', '成功签退');

-- --------------------------------------------------------

--
-- 表的结构 `qingjia`
--

CREATE TABLE `qingjia` (
  `id` int(111) NOT NULL,
  `reason` varchar(255) NOT NULL,
  `user_id` int(11) DEFAULT NULL,
  `start_time` int(100) DEFAULT NULL,
  `end_time` int(100) DEFAULT NULL,
  `shenhe` int(11) DEFAULT NULL
) ENGINE=InnoDB DEFAULT CHARSET=utf8;

--
-- 转存表中的数据 `qingjia`
--

INSERT INTO `qingjia` (`id`, `reason`, `user_id`, `start_time`, `end_time`, `shenhe`) VALUES
(17, 'ccccccsss', 21, 1516194960, 1516281360, 1);

-- --------------------------------------------------------

--
-- 表的结构 `user`
--

CREATE TABLE `user` (
  `id` int(11) NOT NULL,
  `account` varchar(255) DEFAULT NULL,
  `password` varchar(255) DEFAULT NULL,
  `gonghao` varchar(255) DEFAULT NULL,
  `name` varchar(255) DEFAULT NULL,
  `bumen` varchar(255) DEFAULT NULL,
  `zhiwei` varchar(255) DEFAULT NULL,
  `sex` varchar(255) DEFAULT NULL,
  `age` int(11) DEFAULT NULL,
  `ruzhitime` int(100) DEFAULT NULL,
  `nianjia` int(10) NOT NULL,
  `qingjia` int(10) NOT NULL,
  `shangban` varchar(100) DEFAULT NULL,
  `xiaban` varchar(100) DEFAULT NULL
) ENGINE=InnoDB DEFAULT CHARSET=utf8;

--
-- 转存表中的数据 `user`
--

INSERT INTO `user` (`id`, `account`, `password`, `gonghao`, `name`, `bumen`, `zhiwei`, `sex`, `age`, `ruzhitime`, `nianjia`, `qingjia`, `shangban`, `xiaban`) VALUES
(2, 'mht', '202cb962ac59075b964b07152d234b70', '01', '马化腾', '3', '2', '女', 26, 1514808300, 7, 4, '9:00', '17:00'),
(3, 'my', '202cb962ac59075b964b07152d234b70', '02', '马云', '3', '4', '男', 43, 1514968680, 7, 0, '9:00', '17:00'),
(4, 'lqd', '202cb962ac59075b964b07152d234b70', '03', '刘强东', '1', '3', '男', 33, 1514795940, 7, 0, '9:00', '17:00'),
(5, 'cx', '202cb962ac59075b964b07152d234b70', '04', '陈翔', '1', '1', '男', 33, 1514882700, 7, 0, '9:00', '17:00'),
(6, 'user05', '202cb962ac59075b964b07152d234b70', '05', 'user05', '4', '10', '男', 21, 1515055560, 7, 0, '9:00', '17:00'),
(7, 'user06', '202cb962ac59075b964b07152d234b70', '06', 'user06', '2', '10', '女', 23, 1514882820, 7, 0, '9:00', '17:00'),
(9, 'user08', '202cb962ac59075b964b07152d234b70', '08', 'user08', '2', '10', '女', 26, 1512550080, 7, 0, '9:00', '17:00'),
(10, 'user09', '202cb962ac59075b964b07152d234b70', '09', 'user09', '1', '7', '女', 21, 1515574140, 7, 0, '9:00', '17:00'),
(11, 'user10', '202cb962ac59075b964b07152d234b70', '10', 'user10', '3', '6', '男', 46, 1514969340, 7, 0, '9:00', '17:00'),
(13, 'user12', '202cb962ac59075b964b07152d234b70', '12', 'user12', '2', '10', '女', 21, 1511772780, 7, 0, '9:00', '17:00'),
(18, 'user15', '202cb962ac59075b964b07152d234b70', '15', 'user15', '2', '9', '女', 21, 1511783580, 7, 0, '9:00', '17:00'),
(21, 'css', '202cb962ac59075b964b07152d234b70', '0123', '测试222', '1', '3', '男', 21, 1515417180, 7, 1, '9:00', '17:00'),
(22, 'lsj', '202cb962ac59075b964b07152d234b70', '099', '刘sj', '1', '5', '男', 28, 1515998520, 7, 0, '9:00', '17:00'),
(23, 'wll', '202cb962ac59075b964b07152d234b70', '098', '王ll', '1', '1', '女', 32, 1515916800, 7, 0, '13:00', '16:00');

-- --------------------------------------------------------

--
-- 表的结构 `zhiwei`
--

CREATE TABLE `zhiwei` (
  `id` int(11) NOT NULL,
  `name` varchar(255) DEFAULT NULL
) ENGINE=InnoDB DEFAULT CHARSET=utf8;

--
-- 转存表中的数据 `zhiwei`
--

INSERT INTO `zhiwei` (`id`, `name`) VALUES
(1, '技术总监'),
(2, '高级前端工程师'),
(3, '前端工程师'),
(4, '前端助理'),
(5, '.NET高级开发工程师'),
(6, '.NET工程师'),
(7, '项目经理'),
(8, '测试助理'),
(9, '人事部总监'),
(10, '测试'),
(11, '新测试'),
(12, 'ccc');

--
-- Indexes for dumped tables
--

--
-- Indexes for table `admin`
--
ALTER TABLE `admin`
  ADD PRIMARY KEY (`id`);

--
-- Indexes for table `bumen`
--
ALTER TABLE `bumen`
  ADD PRIMARY KEY (`id`);

--
-- Indexes for table `daiban`
--
ALTER TABLE `daiban`
  ADD PRIMARY KEY (`id`);

--
-- Indexes for table `qiandao`
--
ALTER TABLE `qiandao`
  ADD PRIMARY KEY (`id`);

--
-- Indexes for table `qingjia`
--
ALTER TABLE `qingjia`
  ADD PRIMARY KEY (`id`);

--
-- Indexes for table `user`
--
ALTER TABLE `user`
  ADD PRIMARY KEY (`id`);

--
-- Indexes for table `zhiwei`
--
ALTER TABLE `zhiwei`
  ADD PRIMARY KEY (`id`);

--
-- 在导出的表使用AUTO_INCREMENT
--

--
-- 使用表AUTO_INCREMENT `admin`
--
ALTER TABLE `admin`
  MODIFY `id` int(11) NOT NULL AUTO_INCREMENT, AUTO_INCREMENT=5;
--
-- 使用表AUTO_INCREMENT `bumen`
--
ALTER TABLE `bumen`
  MODIFY `id` int(11) NOT NULL AUTO_INCREMENT, AUTO_INCREMENT=6;
--
-- 使用表AUTO_INCREMENT `daiban`
--
ALTER TABLE `daiban`
  MODIFY `id` int(11) NOT NULL AUTO_INCREMENT, AUTO_INCREMENT=7;
--
-- 使用表AUTO_INCREMENT `qiandao`
--
ALTER TABLE `qiandao`
  MODIFY `id` int(11) NOT NULL AUTO_INCREMENT, AUTO_INCREMENT=35;
--
-- 使用表AUTO_INCREMENT `qingjia`
--
ALTER TABLE `qingjia`
  MODIFY `id` int(111) NOT NULL AUTO_INCREMENT, AUTO_INCREMENT=18;
--
-- 使用表AUTO_INCREMENT `user`
--
ALTER TABLE `user`
  MODIFY `id` int(11) NOT NULL AUTO_INCREMENT, AUTO_INCREMENT=24;
--
-- 使用表AUTO_INCREMENT `zhiwei`
--
ALTER TABLE `zhiwei`
  MODIFY `id` int(11) NOT NULL AUTO_INCREMENT, AUTO_INCREMENT=13;
/*!40101 SET CHARACTER_SET_CLIENT=@OLD_CHARACTER_SET_CLIENT */;
/*!40101 SET CHARACTER_SET_RESULTS=@OLD_CHARACTER_SET_RESULTS */;
/*!40101 SET COLLATION_CONNECTION=@OLD_COLLATION_CONNECTION */;
